file,status,detail
Plat.py,unsupported,Type Google Drive non supporté pour ce flux: text/x-python
Listes_chainees.py,unsupported,Type Google Drive non supporté pour ce flux: text/x-python
Liste_tete_queue.py,unsupported,Type Google Drive non supporté pour ce flux: text/x-python
Voiture_version_eleve.py,unsupported,Type Google Drive non supporté pour ce flux: text/x-python
tirage_au_sort.py,unsupported,Type Google Drive non supporté pour ce flux: text/x-python
Listes_chainees.py,unsupported,Type Google Drive non supporté pour ce flux: text/x-python
TP_Listes_chainees.py,unsupported,Type Google Drive non supporté pour ce flux: text/x-python
TP1_Liste_CORRECTION.py,unsupported,Type Google Drive non supporté pour ce flux: text/x-python
TP1_Liste.py,unsupported,Type Google Drive non supporté pour ce flux: text/x-python
TP_utilisation_Pile_File.py,unsupported,Type Google Drive non supporté pour ce flux: text/x-python
File_liste_chainee.py,unsupported,Type Google Drive non supporté pour ce flux: text/x-python
Pile_tete_queue.py,unsupported,Type Google Drive non supporté pour ce flux: text/x-python
Liste.py,unsupported,Type Google Drive non supporté pour ce flux: text/x-python
Liste_classe_POO_v3.py,unsupported,Type Google Drive non supporté pour ce flux: text/x-python
TP_Liste_classe_POO_cons.py,unsupported,Type Google Drive non supporté pour ce flux: text/x-python
Liste_classe_POO_v1.py,unsupported,Type Google Drive non supporté pour ce flux: text/x-python
ex2_dictionnaires.py,unsupported,Type Google Drive non supporté pour ce flux: text/x-python
ex3_dictionnaires.py,unsupported,Type Google Drive non supporté pour ce flux: text/x-python
ex1_dictionnaires.py,unsupported,Type Google Drive non supporté pour ce flux: text/x-python
ex4_listes.py,unsupported,Type Google Drive non supporté pour ce flux: text/x-python
ex1_listes.py,unsupported,Type Google Drive non supporté pour ce flux: text/x-python
ex2_listes.py,unsupported,Type Google Drive non supporté pour ce flux: text/x-python
ex3_listes.py,unsupported,Type Google Drive non supporté pour ce flux: text/x-python
ex1_fichiers.py,unsupported,Type Google Drive non supporté pour ce flux: text/x-python
ex2_fichiers.py,unsupported,Type Google Drive non supporté pour ce flux: text/x-python
ex3_fihiers.py,unsupported,Type Google Drive non supporté pour ce flux: text/x-python
ex2_fonctions.py,unsupported,Type Google Drive non supporté pour ce flux: text/x-python
ex1_fonctions.py,unsupported,Type Google Drive non supporté pour ce flux: text/x-python
ex2_basique.py,unsupported,Type Google Drive non supporté pour ce flux: text/x-python
ex1_basique.py,unsupported,Type Google Drive non supporté pour ce flux: text/x-python
ex2_boucles.py,unsupported,Type Google Drive non supporté pour ce flux: text/x-python
ex1_boucles.py,unsupported,Type Google Drive non supporté pour ce flux: text/x-python
pyinstaller.exe,unsupported,Type Google Drive non supporté pour ce flux: application/x-dosexec
osint_mot_de_passe_V2.py,unsupported,Type Google Drive non supporté pour ce flux: text/x-python
osint_mot_de_passe.py,unsupported,Type Google Drive non supporté pour ce flux: text/x-python
Q5.PNG,unsupported,Type Google Drive non supporté pour ce flux: image/png
Q3.PNG,unsupported,Type Google Drive non supporté pour ce flux: image/png
Q14.PNG,unsupported,Type Google Drive non supporté pour ce flux: image/png
Q7.PNG,unsupported,Type Google Drive non supporté pour ce flux: image/png
Q20.PNG,unsupported,Type Google Drive non supporté pour ce flux: image/png
Q17.PNG,unsupported,Type Google Drive non supporté pour ce flux: image/png
Q16.PNG,unsupported,Type Google Drive non supporté pour ce flux: image/png
Q2.PNG,unsupported,Type Google Drive non supporté pour ce flux: image/png
Q6.PNG,unsupported,Type Google Drive non supporté pour ce flux: image/png
Q9.PNG,unsupported,Type Google Drive non supporté pour ce flux: image/png
Q13.PNG,unsupported,Type Google Drive non supporté pour ce flux: image/png
Q11.PNG,unsupported,Type Google Drive non supporté pour ce flux: image/png
Q12.PNG,unsupported,Type Google Drive non supporté pour ce flux: image/png
Q10.PNG,unsupported,Type Google Drive non supporté pour ce flux: image/png
Q4.PNG,unsupported,Type Google Drive non supporté pour ce flux: image/png
Q18.PNG,unsupported,Type Google Drive non supporté pour ce flux: image/png
Q19.PNG,unsupported,Type Google Drive non supporté pour ce flux: image/png
Q1.PNG,unsupported,Type Google Drive non supporté pour ce flux: image/png
Q15.PNG,unsupported,Type Google Drive non supporté pour ce flux: image/png
Q8.PNG,unsupported,Type Google Drive non supporté pour ce flux: image/png
nst-tqdi-qoe (2022-01-04 at 01_08 GMT-8).mp4,unsupported,Type Google Drive non supporté pour ce flux: video/mp4
generateur_cles.py,unsupported,Type Google Drive non supporté pour ce flux: text/x-python
decodage_texte.py,unsupported,Type Google Drive non supporté pour ce flux: text/x-python
test.py,unsupported,Type Google Drive non supporté pour ce flux: text/x-python
creation_liste_alphabet_utf8.py,unsupported,Type Google Drive non supporté pour ce flux: text/x-python
codage_texte.py,unsupported,Type Google Drive non supporté pour ce flux: text/x-python
codage_texte.py,unsupported,Type Google Drive non supporté pour ce flux: text/x-python
decodage_texte.py,unsupported,Type Google Drive non supporté pour ce flux: text/x-python
creation_liste_alphabet_utf8.py,unsupported,Type Google Drive non supporté pour ce flux: text/x-python
generateur_cles.py,unsupported,Type Google Drive non supporté pour ce flux: text/x-python
GPS-partie3.mp4,unsupported,Type Google Drive non supporté pour ce flux: video/mp4
projet_GPS.py,unsupported,Type Google Drive non supporté pour ce flux: text/x-python
GPS-partie2.mp4,unsupported,Type Google Drive non supporté pour ce flux: video/mp4
GPS-partie1.mp4,unsupported,Type Google Drive non supporté pour ce flux: video/mp4
Slim_Belkahia_GPS.mp4,unsupported,Type Google Drive non supporté pour ce flux: video/mp4
Walid_Aissa_GPS.mp4,unsupported,Type Google Drive non supporté pour ce flux: video/mp4
transactions_bitcoin.py,unsupported,Type Google Drive non supporté pour ce flux: text/x-python
Bitcoin.py,unsupported,Type Google Drive non supporté pour ce flux: text/x-python
Prog_JdNim.ipynb,unsupported,Type Google Drive non supporté pour ce flux: application/octet-stream
marienbad_strategie.exe,unsupported,Type Google Drive non supporté pour ce flux: application/x-dosexec
marienbad_strategie.py,unsupported,Type Google Drive non supporté pour ce flux: text/x-python
Jeu_nim_Tkinter_v1.py,unsupported,Type Google Drive non supporté pour ce flux: text/x-python
jeu_nim_simple_v2.py,unsupported,Type Google Drive non supporté pour ce flux: text/x-python
jeu_nim_simple.py,unsupported,Type Google Drive non supporté pour ce flux: text/x-python
jeu_nim_simple_v3.py,unsupported,Type Google Drive non supporté pour ce flux: text/x-python
JDN_belkahia.py,unsupported,Type Google Drive non supporté pour ce flux: text/x-python
TD_Types_construits.ipynb,unsupported,Type Google Drive non supporté pour ce flux: application/octet-stream
Corrige_Prog_JdNim.ipynb,unsupported,Type Google Drive non supporté pour ce flux: application/octet-stream
module_dis.ipynb,unsupported,Type Google Drive non supporté pour ce flux: application/octet-stream
module_dis(1).ipynb,unsupported,Type Google Drive non supporté pour ce flux: application/octet-stream
evaluation.ipynb,unsupported,Type Google Drive non supporté pour ce flux: application/octet-stream
Corrige_ Python_partie1.ipynb,unsupported,Type Google Drive non supporté pour ce flux: application/octet-stream
Python_partie1.ipynb,unsupported,Type Google Drive non supporté pour ce flux: application/octet-stream
Representation_textes.ipynb,unsupported,Type Google Drive non supporté pour ce flux: application/octet-stream
Représentation_binaire_d_un_entier_relatif.ipynb,unsupported,Type Google Drive non supporté pour ce flux: application/octet-stream
TD_codage_entiers.ipynb,unsupported,Type Google Drive non supporté pour ce flux: application/octet-stream
TD_codage_entiers_corrige.ipynb,unsupported,Type Google Drive non supporté pour ce flux: application/octet-stream
Ecriture_d_un_entier_positif.ipynb,unsupported,Type Google Drive non supporté pour ce flux: application/octet-stream
types_construits_python-v2.ipynb,unsupported,Type Google Drive non supporté pour ce flux: application/octet-stream
TD_types_construits_corrige.ipynb,unsupported,Type Google Drive non supporté pour ce flux: application/octet-stream
TD_types_construits.ipynb,unsupported,Type Google Drive non supporté pour ce flux: application/octet-stream
tri_selection.py,unsupported,Type Google Drive non supporté pour ce flux: text/x-python
tri_par_insertion.mp4,unsupported,Type Google Drive non supporté pour ce flux: video/mp4
tri_par_insertion.py,unsupported,Type Google Drive non supporté pour ce flux: text/x-python
complexite_insertion.mp4,unsupported,Type Google Drive non supporté pour ce flux: video/mp4
3_Complexité_Tri par sélection.mp4,unsupported,Type Google Drive non supporté pour ce flux: video/mp4
3_Complexité_Tri par insertion.mp4,unsupported,Type Google Drive non supporté pour ce flux: video/mp4
introduction_algorithmique.mp4,unsupported,Type Google Drive non supporté pour ce flux: video/mp4
ex1.mp4,unsupported,Type Google Drive non supporté pour ce flux: video/mp4
ex2.mp4,unsupported,Type Google Drive non supporté pour ce flux: video/mp4
complexite.mp4,unsupported,Type Google Drive non supporté pour ce flux: video/mp4
ex3.mp4,unsupported,Type Google Drive non supporté pour ce flux: video/mp4
cours_circuits_logiques.ipynb,unsupported,Type Google Drive non supporté pour ce flux: application/octet-stream
affichage_en_liste.py,unsupported,Type Google Drive non supporté pour ce flux: text/x-python
exercice2.py,unsupported,Type Google Drive non supporté pour ce flux: text/x-python
exercice4.py,unsupported,Type Google Drive non supporté pour ce flux: text/x-python
exercice3.py,unsupported,Type Google Drive non supporté pour ce flux: text/x-python
affichage_en_dictionnaire.py,unsupported,Type Google Drive non supporté pour ce flux: text/x-python
csv_to_liste.py,unsupported,Type Google Drive non supporté pour ce flux: text/x-python
ex4.py,unsupported,Type Google Drive non supporté pour ce flux: text/x-python
ex5.py,unsupported,Type Google Drive non supporté pour ce flux: text/x-python
ex7-TD-23mars.mp4,unsupported,Type Google Drive non supporté pour ce flux: video/mp4
ex3.py,unsupported,Type Google Drive non supporté pour ce flux: text/x-python
III.py,unsupported,Type Google Drive non supporté pour ce flux: text/x-python
III-TD-23mars.mp4,unsupported,Type Google Drive non supporté pour ce flux: video/mp4
ex7.py,unsupported,Type Google Drive non supporté pour ce flux: text/x-python
ex6.py,unsupported,Type Google Drive non supporté pour ce flux: text/x-python
ex1-ex2-TD-23mars.mp4,unsupported,Type Google Drive non supporté pour ce flux: video/mp4
ex3-ex4-TD-23mars.mp4,unsupported,Type Google Drive non supporté pour ce flux: video/mp4
ex5-TD-23mars.mp4,unsupported,Type Google Drive non supporté pour ce flux: video/mp4
ex6-TD-23mars.mp4,unsupported,Type Google Drive non supporté pour ce flux: video/mp4
Cours_circuits_logiques_Corrigé.ipynb,unsupported,Type Google Drive non supporté pour ce flux: application/octet-stream
cours_circuits_logiques.ipynb,unsupported,Type Google Drive non supporté pour ce flux: application/octet-stream
Circuit_exo8.png,unsupported,Type Google Drive non supporté pour ce flux: image/png
Synthèse_activité1.mm,unsupported,Type Google Drive non supporté pour ce flux: application/x-freemind
Synthèse_activité2.mm,unsupported,Type Google Drive non supporté pour ce flux: application/x-freemind
package.json,unsupported,Type Google Drive non supporté pour ce flux: application/json
jquery-1.8.2.min.js,unsupported,Type Google Drive non supporté pour ce flux: text/javascript
Gruntfile.js,unsupported,Type Google Drive non supporté pour ce flux: text/javascript
.travis.yml,unsupported,Type Google Drive non supporté pour ce flux: application/octet-stream
turing.js,unsupported,Type Google Drive non supporté pour ce flux: text/javascript
.gitignore,unsupported,Type Google Drive non supporté pour ce flux: application/octet-stream
meta.json,unsupported,Type Google Drive non supporté pour ce flux: application/json
turing.css,unsupported,Type Google Drive non supporté pour ce flux: text/css
120px.png,unsupported,Type Google Drive non supporté pour ce flux: image/png
sty.css,unsupported,Type Google Drive non supporté pour ce flux: text/css
traitement.php,unsupported,Type Google Drive non supporté pour ce flux: application/x-httpd-php
feuilleSty.css,unsupported,Type Google Drive non supporté pour ce flux: text/css
html.PNG,unsupported,Type Google Drive non supporté pour ce flux: image/png
form.png,unsupported,Type Google Drive non supporté pour ce flux: image/png
TP_evaluation_reseau.fls,unsupported,Type Google Drive non supporté pour ce flux: application/x-zip
7_Representation des textes.ipynb,unsupported,Type Google Drive non supporté pour ce flux: application/octet-stream
12_Cours et TD_Circuits_logiques.ipynb,unsupported,Type Google Drive non supporté pour ce flux: application/octet-stream
13_Cours_TD_Circuits_logiques_CORRECTION.ipynb,unsupported,Type Google Drive non supporté pour ce flux: application/octet-stream
6_Représentation binaire d_un entier relatif.ipynb,unsupported,Type Google Drive non supporté pour ce flux: application/octet-stream
5_Ecriture d_un entier positif.ipynb,unsupported,Type Google Drive non supporté pour ce flux: application/octet-stream
12_Cours_TD_Circuits_logiques.ipynb,unsupported,Type Google Drive non supporté pour ce flux: application/octet-stream
TD_construits_python.ipynb,unsupported,Type Google Drive non supporté pour ce flux: application/octet-stream
2_TD_Types construits.ipynb,unsupported,Type Google Drive non supporté pour ce flux: application/octet-stream
3_TD_CORRECTION.ipynb,unsupported,Type Google Drive non supporté pour ce flux: application/octet-stream
TD_construits_python_corrige.ipynb,unsupported,Type Google Drive non supporté pour ce flux: application/octet-stream
1_Cours_Types construits_Python.ipynb,unsupported,Type Google Drive non supporté pour ce flux: application/octet-stream
Bilan projet et présentation.mp4,unsupported,Type Google Drive non supporté pour ce flux: video/mp4
rendu_monnaie_TD.py,unsupported,Type Google Drive non supporté pour ce flux: text/x-python
sac_a_dos.py,unsupported,Type Google Drive non supporté pour ce flux: text/x-python
tri_par_date_fin.py,unsupported,Type Google Drive non supporté pour ce flux: text/x-python
rendu_monnaie.py,unsupported,Type Google Drive non supporté pour ce flux: text/x-python
tri_selection.py,unsupported,Type Google Drive non supporté pour ce flux: text/x-python
tri_bulles.py,unsupported,Type Google Drive non supporté pour ce flux: text/x-python
tri_insertion.py,unsupported,Type Google Drive non supporté pour ce flux: text/x-python
shaker_sort.py,unsupported,Type Google Drive non supporté pour ce flux: text/x-python
algorithmes_tri_corrige.py,unsupported,Type Google Drive non supporté pour ce flux: text/x-python
ex10.py,unsupported,Type Google Drive non supporté pour ce flux: text/x-python
exercice1_corrige.py,unsupported,Type Google Drive non supporté pour ce flux: text/x-python
3_Conv_bin_dec.py,unsupported,Type Google Drive non supporté pour ce flux: text/x-python
calcul_flottant.py,unsupported,Type Google Drive non supporté pour ce flux: text/x-python
binaire_et_hexa.py,unsupported,Type Google Drive non supporté pour ce flux: text/x-python
complement_a_deux.py,unsupported,Type Google Drive non supporté pour ce flux: text/x-python
Exercice1.py,unsupported,Type Google Drive non supporté pour ce flux: text/x-python
Exercice2.py,unsupported,Type Google Drive non supporté pour ce flux: text/x-python
Exercice0.py,unsupported,Type Google Drive non supporté pour ce flux: text/x-python
Exercice3.py,unsupported,Type Google Drive non supporté pour ce flux: text/x-python
Exercice5.py,unsupported,Type Google Drive non supporté pour ce flux: text/x-python
Exercice4.py,unsupported,Type Google Drive non supporté pour ce flux: text/x-python
Exercice7.py,unsupported,Type Google Drive non supporté pour ce flux: text/x-python
Exercice6.py,unsupported,Type Google Drive non supporté pour ce flux: text/x-python
Exercice10.py,unsupported,Type Google Drive non supporté pour ce flux: text/x-python
Exercice8.py,unsupported,Type Google Drive non supporté pour ce flux: text/x-python
Exercice9.py,unsupported,Type Google Drive non supporté pour ce flux: text/x-python
Exo1.py,unsupported,Type Google Drive non supporté pour ce flux: text/x-python
Exo2.py,unsupported,Type Google Drive non supporté pour ce flux: text/x-python
decodage_texte.py,unsupported,Type Google Drive non supporté pour ce flux: text/x-python
creation_liste_alphabet_utf8.py,unsupported,Type Google Drive non supporté pour ce flux: text/x-python
generateur_cles.py,unsupported,Type Google Drive non supporté pour ce flux: text/x-python
codage_texte_bis.py,unsupported,Type Google Drive non supporté pour ce flux: text/x-python
films.db,unsupported,Type Google Drive non supporté pour ce flux: application/octet-stream
agence_voyage.db,unsupported,Type Google Drive non supporté pour ce flux: application/octet-stream
requestdb.py,unsupported,Type Google Drive non supporté pour ce flux: text/x-python
test_requestdb_txt.py,unsupported,Type Google Drive non supporté pour ce flux: text/x-python
Eval_BDD_Requetes_Pierre CAILLABET.ipynb,unsupported,Type Google Drive non supporté pour ce flux: application/octet-stream
MCD_eval,error,EOF marker not found
Eval_requetes_sans 2.4-checkpoint.ipynb,unsupported,Type Google Drive non supporté pour ce flux: application/octet-stream
Eval_BDD_Requetes_Pierre CAILLABET-checkpoint.ipynb,unsupported,Type Google Drive non supporté pour ce flux: application/octet-stream
requestdb.cpython-36.pyc,unsupported,Type Google Drive non supporté pour ce flux: application/x-python-code
films.db,unsupported,Type Google Drive non supporté pour ce flux: application/octet-stream
style.css,unsupported,Type Google Drive non supporté pour ce flux: text/css
Exo1_cas3,error,EOF marker not found
Exo1_cas2,error,EOF marker not found
Exo1_cas1,error,EOF marker not found
Exo2_Notebook_SQlite.ipynb,unsupported,Type Google Drive non supporté pour ce flux: application/octet-stream
Exo2_Notebook_SQlite-checkpoint.ipynb,unsupported,Type Google Drive non supporté pour ce flux: application/octet-stream
exercices-requetes-sujet.ipynb,unsupported,Type Google Drive non supporté pour ce flux: application/octet-stream
test_requestdb_txt.py,unsupported,Type Google Drive non supporté pour ce flux: text/x-python
requestdb.py,unsupported,Type Google Drive non supporté pour ce flux: text/x-python
films.db,unsupported,Type Google Drive non supporté pour ce flux: application/octet-stream
style.css,unsupported,Type Google Drive non supporté pour ce flux: text/css
Qt5Concurrent.dll,unsupported,Type Google Drive non supporté pour ce flux: application/x-dosexec
Qt5Network.dll,unsupported,Type Google Drive non supporté pour ce flux: application/x-dosexec
Qt5Widgets.dll,unsupported,Type Google Drive non supporté pour ce flux: application/x-dosexec
Qt5Gui.dll,unsupported,Type Google Drive non supporté pour ce flux: application/x-dosexec
Qt5Xml.dll,unsupported,Type Google Drive non supporté pour ce flux: application/x-dosexec
Qt5PrintSupport.dll,unsupported,Type Google Drive non supporté pour ce flux: application/x-dosexec
DB Browser for SQLite.exe,unsupported,Type Google Drive non supporté pour ce flux: application/x-dosexec
ssleay32.dll,unsupported,Type Google Drive non supporté pour ce flux: application/x-dosexec
sqlcipher.dll,unsupported,Type Google Drive non supporté pour ce flux: application/x-dosexec
libeay32.dll,unsupported,Type Google Drive non supporté pour ce flux: application/x-dosexec
DB Browser for SQLCipher.exe,unsupported,Type Google Drive non supporté pour ce flux: application/x-dosexec
Qt5Core.dll,unsupported,Type Google Drive non supporté pour ce flux: application/x-dosexec
sqlite3.dll,unsupported,Type Google Drive non supporté pour ce flux: application/x-dosexec
LICENSE,error,EOF marker not found
LICENSE-PLUGINS,error,EOF marker not found
qwebp.dll,unsupported,Type Google Drive non supporté pour ce flux: application/x-dosexec
qsvg.dll,unsupported,Type Google Drive non supporté pour ce flux: application/x-dosexec
qwbmp.dll,unsupported,Type Google Drive non supporté pour ce flux: application/x-dosexec
qgif.dll,unsupported,Type Google Drive non supporté pour ce flux: application/x-dosexec
qtga.dll,unsupported,Type Google Drive non supporté pour ce flux: application/x-dosexec
qtiff.dll,unsupported,Type Google Drive non supporté pour ce flux: application/x-dosexec
qico.dll,unsupported,Type Google Drive non supporté pour ce flux: application/x-dosexec
qjpeg.dll,unsupported,Type Google Drive non supporté pour ce flux: application/x-dosexec
qicns.dll,unsupported,Type Google Drive non supporté pour ce flux: application/x-dosexec
windowsprintersupport.dll,unsupported,Type Google Drive non supporté pour ce flux: application/x-dosexec
qwindowsvistastyle.dll,unsupported,Type Google Drive non supporté pour ce flux: application/x-dosexec
qtmultimedia_ru.qm,unsupported,Type Google Drive non supporté pour ce flux: application/octet-stream
qtbase_uk.qm,unsupported,Type Google Drive non supporté pour ce flux: application/octet-stream
qtbase_it.qm,unsupported,Type Google Drive non supporté pour ce flux: application/octet-stream
qt_pt.qm,unsupported,Type Google Drive non supporté pour ce flux: application/octet-stream
qtbase_cs.qm,unsupported,Type Google Drive non supporté pour ce flux: application/octet-stream
qt_uk.qm,unsupported,Type Google Drive non supporté pour ce flux: application/octet-stream
qtmultimedia_es.qm,unsupported,Type Google Drive non supporté pour ce flux: application/octet-stream
qtxmlpatterns_it.qm,unsupported,Type Google Drive non supporté pour ce flux: application/octet-stream
qtxmlpatterns_pl.qm,unsupported,Type Google Drive non supporté pour ce flux: application/octet-stream
qtquick1_en.qm,unsupported,Type Google Drive non supporté pour ce flux: application/octet-stream
qtbase_pl.qm,unsupported,Type Google Drive non supporté pour ce flux: application/octet-stream
qtbase_ru.qm,unsupported,Type Google Drive non supporté pour ce flux: application/octet-stream
qtquick1_it.qm,unsupported,Type Google Drive non supporté pour ce flux: application/octet-stream
qtquick1_de.qm,unsupported,Type Google Drive non supporté pour ce flux: application/octet-stream
qtquick1_ru.qm,unsupported,Type Google Drive non supporté pour ce flux: application/octet-stream
qt_pl.qm,unsupported,Type Google Drive non supporté pour ce flux: application/octet-stream
qt_en.qm,unsupported,Type Google Drive non supporté pour ce flux: application/octet-stream
qtscript_ko.qm,unsupported,Type Google Drive non supporté pour ce flux: application/octet-stream
qtscript_ru.qm,unsupported,Type Google Drive non supporté pour ce flux: application/octet-stream
qt_zh_CN.qm,unsupported,Type Google Drive non supporté pour ce flux: application/octet-stream
qtscript_it.qm,unsupported,Type Google Drive non supporté pour ce flux: application/octet-stream
qt_fr.qm,unsupported,Type Google Drive non supporté pour ce flux: application/octet-stream
qtscript_ar.qm,unsupported,Type Google Drive non supporté pour ce flux: application/octet-stream
qtxmlpatterns_es.qm,unsupported,Type Google Drive non supporté pour ce flux: application/octet-stream
qtxmlpatterns_de.qm,unsupported,Type Google Drive non supporté pour ce flux: application/octet-stream
qt_it.qm,unsupported,Type Google Drive non supporté pour ce flux: application/octet-stream
qtscript_uk.qm,unsupported,Type Google Drive non supporté pour ce flux: application/octet-stream
qt_zh_TW.qm,unsupported,Type Google Drive non supporté pour ce flux: application/octet-stream
qt_de.qm,unsupported,Type Google Drive non supporté pour ce flux: application/octet-stream
qtmultimedia_fr.qm,unsupported,Type Google Drive non supporté pour ce flux: application/octet-stream
qtscript_cs.qm,unsupported,Type Google Drive non supporté pour ce flux: application/octet-stream
qtbase_fr.qm,unsupported,Type Google Drive non supporté pour ce flux: application/octet-stream
qt_ar.qm,unsupported,Type Google Drive non supporté pour ce flux: application/octet-stream
qt_ru.qm,unsupported,Type Google Drive non supporté pour ce flux: application/octet-stream
qtquick1_fr.qm,unsupported,Type Google Drive non supporté pour ce flux: application/octet-stream
qtquick1_uk.qm,unsupported,Type Google Drive non supporté pour ce flux: application/octet-stream
qtbase_de.qm,unsupported,Type Google Drive non supporté pour ce flux: application/octet-stream
qtxmlpatterns_ko.qm,unsupported,Type Google Drive non supporté pour ce flux: application/octet-stream
qtxmlpatterns_en.qm,unsupported,Type Google Drive non supporté pour ce flux: application/octet-stream
qtmultimedia_pl.qm,unsupported,Type Google Drive non supporté pour ce flux: application/octet-stream
qtbase_en.qm,unsupported,Type Google Drive non supporté pour ce flux: application/octet-stream
qtscript_en.qm,unsupported,Type Google Drive non supporté pour ce flux: application/octet-stream
qtbase_ar.qm,unsupported,Type Google Drive non supporté pour ce flux: application/octet-stream
qtquick1_cs.qm,unsupported,Type Google Drive non supporté pour ce flux: application/octet-stream
qtmultimedia_it.qm,unsupported,Type Google Drive non supporté pour ce flux: application/octet-stream
qtscript_es.qm,unsupported,Type Google Drive non supporté pour ce flux: application/octet-stream
qtmultimedia_en.qm,unsupported,Type Google Drive non supporté pour ce flux: application/octet-stream
qt_es.qm,unsupported,Type Google Drive non supporté pour ce flux: application/octet-stream
qtscript_pl.qm,unsupported,Type Google Drive non supporté pour ce flux: application/octet-stream
qtmultimedia_ko.qm,unsupported,Type Google Drive non supporté pour ce flux: application/octet-stream
qtxmlpatterns_fr.qm,unsupported,Type Google Drive non supporté pour ce flux: application/octet-stream
qtscript_de.qm,unsupported,Type Google Drive non supporté pour ce flux: application/octet-stream
qt_ko.qm,unsupported,Type Google Drive non supporté pour ce flux: application/octet-stream
qtquick1_es.qm,unsupported,Type Google Drive non supporté pour ce flux: application/octet-stream
qtquick1_ko.qm,unsupported,Type Google Drive non supporté pour ce flux: application/octet-stream
qtscript_fr.qm,unsupported,Type Google Drive non supporté pour ce flux: application/octet-stream
qtmultimedia_de.qm,unsupported,Type Google Drive non supporté pour ce flux: application/octet-stream
qt_cs.qm,unsupported,Type Google Drive non supporté pour ce flux: application/octet-stream
qtmultimedia_cs.qm,unsupported,Type Google Drive non supporté pour ce flux: application/octet-stream
qtxmlpatterns_uk.qm,unsupported,Type Google Drive non supporté pour ce flux: application/octet-stream
qtbase_ko.qm,unsupported,Type Google Drive non supporté pour ce flux: application/octet-stream
qtbase_es.qm,unsupported,Type Google Drive non supporté pour ce flux: application/octet-stream
qtmultimedia_uk.qm,unsupported,Type Google Drive non supporté pour ce flux: application/octet-stream
qtmultimedia_ar.qm,unsupported,Type Google Drive non supporté pour ce flux: application/octet-stream
qtquick1_pl.qm,unsupported,Type Google Drive non supporté pour ce flux: application/octet-stream
qtxmlpatterns_ru.qm,unsupported,Type Google Drive non supporté pour ce flux: application/octet-stream
qtxmlpatterns_cs.qm,unsupported,Type Google Drive non supporté pour ce flux: application/octet-stream
math.dll,unsupported,Type Google Drive non supporté pour ce flux: application/x-dosexec
qgenericbearer.dll,unsupported,Type Google Drive non supporté pour ce flux: application/x-dosexec
qwindows.dll,unsupported,Type Google Drive non supporté pour ce flux: application/x-dosexec
ex4_metro_cand_libre-2.py,unsupported,Type Google Drive non supporté pour ce flux: text/x-python
ex4_amerique_nord_2021.py,unsupported,Type Google Drive non supporté pour ce flux: text/x-python
Classes_Piles_Files.py,unsupported,Type Google Drive non supporté pour ce flux: text/x-python
ArbreBinaire.py,unsupported,Type Google Drive non supporté pour ce flux: text/x-python
ex5_centres_etranger-1.py,unsupported,Type Google Drive non supporté pour ce flux: text/x-python
22_nsi_02.zip,unsupported,Type Google Drive non supporté pour ce flux: application/zip
22_nsi_24.zip,unsupported,Type Google Drive non supporté pour ce flux: application/zip
22_nsi_12.zip,unsupported,Type Google Drive non supporté pour ce flux: application/zip
22_nsi_36.zip,unsupported,Type Google Drive non supporté pour ce flux: application/zip
22_nsi_16.zip,unsupported,Type Google Drive non supporté pour ce flux: application/zip
22_nsi_40.zip,unsupported,Type Google Drive non supporté pour ce flux: application/zip
22_nsi_35.zip,unsupported,Type Google Drive non supporté pour ce flux: application/zip
22-nsi-33.zip,unsupported,Type Google Drive non supporté pour ce flux: application/zip
22_nsi_15.zip,unsupported,Type Google Drive non supporté pour ce flux: application/zip
22_nsi_10.zip,unsupported,Type Google Drive non supporté pour ce flux: application/zip
22_nsi_37_0.zip,unsupported,Type Google Drive non supporté pour ce flux: application/zip
22_nsi_11.zip,unsupported,Type Google Drive non supporté pour ce flux: application/zip
22_nsi_01.zip,unsupported,Type Google Drive non supporté pour ce flux: application/zip
22_nsi_18.zip,unsupported,Type Google Drive non supporté pour ce flux: application/zip
22_nsi_06.zip,unsupported,Type Google Drive non supporté pour ce flux: application/zip
22_nsi_08.zip,unsupported,Type Google Drive non supporté pour ce flux: application/zip
22_nsi_31.zip,unsupported,Type Google Drive non supporté pour ce flux: application/zip
22_nsi_07.zip,unsupported,Type Google Drive non supporté pour ce flux: application/zip
22_nsi_26.zip,unsupported,Type Google Drive non supporté pour ce flux: application/zip
22_nsi_20.zip,unsupported,Type Google Drive non supporté pour ce flux: application/zip
22-NSI-10.py,unsupported,Type Google Drive non supporté pour ce flux: text/x-python
22-NSI-36.py,unsupported,Type Google Drive non supporté pour ce flux: text/x-python
22-NSI-18.py,unsupported,Type Google Drive non supporté pour ce flux: text/x-python
22-NSI-40.py,unsupported,Type Google Drive non supporté pour ce flux: text/x-python
22-NSI-06.py,unsupported,Type Google Drive non supporté pour ce flux: text/x-python
22-NSI-11.py,unsupported,Type Google Drive non supporté pour ce flux: text/x-python
22-NSI-12.py,unsupported,Type Google Drive non supporté pour ce flux: text/x-python
22-NSI-16.py,unsupported,Type Google Drive non supporté pour ce flux: text/x-python
22-NSI-07.py,unsupported,Type Google Drive non supporté pour ce flux: text/x-python
22-NSI-08.py,unsupported,Type Google Drive non supporté pour ce flux: text/x-python
22-NSI-20.py,unsupported,Type Google Drive non supporté pour ce flux: text/x-python
22-NSI-02.py,unsupported,Type Google Drive non supporté pour ce flux: text/x-python
22-NSI-15.py,unsupported,Type Google Drive non supporté pour ce flux: text/x-python
22-NSI-33.py,unsupported,Type Google Drive non supporté pour ce flux: text/x-python
22-NSI-24.py,unsupported,Type Google Drive non supporté pour ce flux: text/x-python
22-NSI-35.py,unsupported,Type Google Drive non supporté pour ce flux: text/x-python
22-NSI-26.py,unsupported,Type Google Drive non supporté pour ce flux: text/x-python
22-NSI-01.py,unsupported,Type Google Drive non supporté pour ce flux: text/x-python
22-NSI-31.py,unsupported,Type Google Drive non supporté pour ce flux: text/x-python
22-NSI-37.py,unsupported,Type Google Drive non supporté pour ce flux: text/x-python
demi_plan_poincare.ggb,unsupported,Type Google Drive non supporté pour ce flux: application/x-zip
expose_philo_gne.tex,unsupported,Type Google Drive non supporté pour ce flux: text/x-tex
formation.cls.aux,unsupported,Type Google Drive non supporté pour ce flux: application/octet-stream
expose_philo_gne_2019.tex,unsupported,Type Google Drive non supporté pour ce flux: text/x-tex
du miracle grec a la geometrie non euclidienne.gdoc,unsupported,Type Google Drive non supporté pour ce flux: application/octet-stream
video.mp4,unsupported,Type Google Drive non supporté pour ce flux: video/mp4
expose_a_bas_euclide.tex,unsupported,Type Google Drive non supporté pour ce flux: text/x-tex
euclide.png,unsupported,Type Google Drive non supporté pour ce flux: image/png
expose_geometrie_non_euclidienne.tex,unsupported,Type Google Drive non supporté pour ce flux: text/x-tex
pseudosphere.PNG,unsupported,Type Google Drive non supporté pour ce flux: image/png
livre_bolyai.PNG,unsupported,Type Google Drive non supporté pour ce flux: image/png
hilbert_gravure.png,unsupported,Type Google Drive non supporté pour ce flux: image/png
hilbert_gravure.jpg,unsupported,Type Google Drive non supporté pour ce flux: image/jpeg
galilee.jpg,unsupported,Type Google Drive non supporté pour ce flux: image/jpeg
parallele-7.png,unsupported,Type Google Drive non supporté pour ce flux: image/png
parallele-3.png,unsupported,Type Google Drive non supporté pour ce flux: image/png
parallele-21.png,unsupported,Type Google Drive non supporté pour ce flux: image/png
parallele-2.png,unsupported,Type Google Drive non supporté pour ce flux: image/png
parallele-8.png,unsupported,Type Google Drive non supporté pour ce flux: image/png
quadrilatere_ibn_haytham.png,unsupported,Type Google Drive non supporté pour ce flux: image/png
parallele-4.png,unsupported,Type Google Drive non supporté pour ce flux: image/png
parallele-20.png,unsupported,Type Google Drive non supporté pour ce flux: image/png
parallele-9.png,unsupported,Type Google Drive non supporté pour ce flux: image/png
saccheri.png,unsupported,Type Google Drive non supporté pour ce flux: image/png
parallele-5.png,unsupported,Type Google Drive non supporté pour ce flux: image/png
quadrilatere_saccheri.png,unsupported,Type Google Drive non supporté pour ce flux: image/png
parallele-6.png,unsupported,Type Google Drive non supporté pour ce flux: image/png
gauss.png,unsupported,Type Google Drive non supporté pour ce flux: image/png
introduction2_hilbert.png,unsupported,Type Google Drive non supporté pour ce flux: image/png
parallele-16.png,unsupported,Type Google Drive non supporté pour ce flux: image/png
Hilbert.png,unsupported,Type Google Drive non supporté pour ce flux: image/png
escher_skate.png,unsupported,Type Google Drive non supporté pour ce flux: image/png
parallele-0.png,unsupported,Type Google Drive non supporté pour ce flux: image/png
disque_poincare.png,unsupported,Type Google Drive non supporté pour ce flux: image/png
lobatchevski.png,unsupported,Type Google Drive non supporté pour ce flux: image/png
parallele-18.png,unsupported,Type Google Drive non supporté pour ce flux: image/png
manuscrit_euclide.png,unsupported,Type Google Drive non supporté pour ce flux: image/png
godel.png,unsupported,Type Google Drive non supporté pour ce flux: image/png
Kant.png,unsupported,Type Google Drive non supporté pour ce flux: image/png
parallele-15.png,unsupported,Type Google Drive non supporté pour ce flux: image/png
parallele-14.png,unsupported,Type Google Drive non supporté pour ce flux: image/png
livre_lobatchevski.png,unsupported,Type Google Drive non supporté pour ce flux: image/png
parallele-10.png,unsupported,Type Google Drive non supporté pour ce flux: image/png
livre_hilbert.png,unsupported,Type Google Drive non supporté pour ce flux: image/png
Maimonide.png,unsupported,Type Google Drive non supporté pour ce flux: image/png
Construction_parallele.gif,unsupported,Type Google Drive non supporté pour ce flux: image/gif
introduction_hilbert.png,unsupported,Type Google Drive non supporté pour ce flux: image/png
bolyai.png,unsupported,Type Google Drive non supporté pour ce flux: image/png
parallele-17.png,unsupported,Type Google Drive non supporté pour ce flux: image/png
parallele-19.png,unsupported,Type Google Drive non supporté pour ce flux: image/png
introduction3_hilbert.png,unsupported,Type Google Drive non supporté pour ce flux: image/png
parallele-1.png,unsupported,Type Google Drive non supporté pour ce flux: image/png
parallele-11.png,unsupported,Type Google Drive non supporté pour ce flux: image/png
parallele-12.png,unsupported,Type Google Drive non supporté pour ce flux: image/png
parallele-13.png,unsupported,Type Google Drive non supporté pour ce flux: image/png
elements1.png,unsupported,Type Google Drive non supporté pour ce flux: image/png
logo_academie.png,unsupported,Type Google Drive non supporté pour ce flux: image/png
tractrice.ggb,unsupported,Type Google Drive non supporté pour ce flux: application/x-zip
sphere.ggb,unsupported,Type Google Drive non supporté pour ce flux: application/x-zip
disque_poincare.ggb,unsupported,Type Google Drive non supporté pour ce flux: application/x-zip
angle_limite_bis.ggb,unsupported,Type Google Drive non supporté pour ce flux: application/x-zip
angle_limite.ggb,unsupported,Type Google Drive non supporté pour ce flux: application/x-zip
cours-TD-arbres.tex,unsupported,Type Google Drive non supporté pour ce flux: text/x-tex
TP4-arbres.tex,unsupported,Type Google Drive non supporté pour ce flux: text/x-tex
ArbreBinaire.py,unsupported,Type Google Drive non supporté pour ce flux: text/x-python
File.py,unsupported,Type Google Drive non supporté pour ce flux: text/x-python
TP_arbres.py,unsupported,Type Google Drive non supporté pour ce flux: text/x-python
classes_graphes.py,unsupported,Type Google Drive non supporté pour ce flux: text/x-python
Graphes.py,unsupported,Type Google Drive non supporté pour ce flux: text/x-python
network.py,unsupported,Type Google Drive non supporté pour ce flux: text/x-python
TD_parcours_graphe.py,unsupported,Type Google Drive non supporté pour ce flux: text/x-python
tri_fusion.py,unsupported,Type Google Drive non supporté pour ce flux: text/x-python
recherche_dichotomique.py,unsupported,Type Google Drive non supporté pour ce flux: text/x-python
explorateur_fichiers_V3.py,unsupported,Type Google Drive non supporté pour ce flux: text/x-python
explorateur_fichiers_V4.py,unsupported,Type Google Drive non supporté pour ce flux: text/x-python
explorateur_fichiers_V2.py,unsupported,Type Google Drive non supporté pour ce flux: text/x-python
explorateur_fichiers_V1.py,unsupported,Type Google Drive non supporté pour ce flux: text/x-python
1_introduction.mp4,unsupported,Type Google Drive non supporté pour ce flux: video/mp4
2_calculatrice.mp4,unsupported,Type Google Drive non supporté pour ce flux: video/mp4
Exemple 13 - widget Canvas _ gestion de la souris.py,unsupported,Type Google Drive non supporté pour ce flux: text/x-python
"Exemple 2 - widgets Frame, Label et Button.py",unsupported,Type Google Drive non supporté pour ce flux: text/x-python
tk_cible.gif,unsupported,Type Google Drive non supporté pour ce flux: image/gif
death1.wav,unsupported,Type Google Drive non supporté pour ce flux: audio/wav
Exemple 0 - widgets Button et Label.py,unsupported,Type Google Drive non supporté pour ce flux: text/x-python
Exemple 6 - widgets Canvas et Button.py,unsupported,Type Google Drive non supporté pour ce flux: text/x-python
Exemple 5 - widgets Scale et Button.py,unsupported,Type Google Drive non supporté pour ce flux: text/x-python
Exemple 14 - widgets Canvas et Button _ gestion du clavier.py,unsupported,Type Google Drive non supporté pour ce flux: text/x-python
Exemple 7 - widgets Canvas et Button _ gestion des images.py,unsupported,Type Google Drive non supporté pour ce flux: text/x-python
"Exemple 3 - widgets Entry, Label, Button et boîte de dialogue MessageBox.py",unsupported,Type Google Drive non supporté pour ce flux: text/x-python
Exemple 4 - widgets Spinbox et Label.py,unsupported,Type Google Drive non supporté pour ce flux: text/x-python
chavmusic7.mp3,unsupported,Type Google Drive non supporté pour ce flux: audio/mpeg
Exemple 12 - widgets Canvas et Button _ gestion de la souris.py,unsupported,Type Google Drive non supporté pour ce flux: text/x-python
Exemple 8 - widgets Menu et Canvas _ gestion des images _ boîtes de dialogue FileDialog et MessageBox.py,unsupported,Type Google Drive non supporté pour ce flux: text/x-python
Exemple 1 - widgets Button et Label.py,unsupported,Type Google Drive non supporté pour ce flux: text/x-python
Exemple 15 - widgets Checkbutton et Button _ musiques et sons avec pygame.py,unsupported,Type Google Drive non supporté pour ce flux: text/x-python
balla1.ogg,unsupported,Type Google Drive non supporté pour ce flux: audio/ogg
Exemple 11 - widget Canvas _ gestion du temps.py,unsupported,Type Google Drive non supporté pour ce flux: text/x-python
Exemple 10 - widgets Canvas et Button _ gestion du temps.py,unsupported,Type Google Drive non supporté pour ce flux: text/x-python
Exemple 9 - gestion du temps.py,unsupported,Type Google Drive non supporté pour ce flux: text/x-python
Activite_networkx_corrige.py,unsupported,Type Google Drive non supporté pour ce flux: text/x-python
Activité_csv_graphe_corrige.py,unsupported,Type Google Drive non supporté pour ce flux: text/x-python
Liste_classe_v2.py,unsupported,Type Google Drive non supporté pour ce flux: text/x-python
6_Liste_TP1_corrige.py,unsupported,Type Google Drive non supporté pour ce flux: text/x-python
5_Liste_TP1.py,unsupported,Type Google Drive non supporté pour ce flux: text/x-python
7_Rationnel_TP1_corrige.py,unsupported,Type Google Drive non supporté pour ce flux: text/x-python
Chap.3 Structures de données linéaires de base.ipynb,unsupported,Type Google Drive non supporté pour ce flux: application/octet-stream
Chap.2 Les classes.ipynb,unsupported,Type Google Drive non supporté pour ce flux: application/octet-stream
Chap.1 Structures de donnees abstraites.ipynb,unsupported,Type Google Drive non supporté pour ce flux: application/octet-stream
TP1_rendu_monnaie_partie1.py,unsupported,Type Google Drive non supporté pour ce flux: text/x-python
rendu_recursive.py,unsupported,Type Google Drive non supporté pour ce flux: text/x-python
sacados1.py,unsupported,Type Google Drive non supporté pour ce flux: text/x-python
Grille d_évaluation indicative.jpg,unsupported,Type Google Drive non supporté pour ce flux: image/png
projet_carte_corrige.py,unsupported,Type Google Drive non supporté pour ce flux: text/x-python
projet_carte_corrige_version_dictionnaire.py,unsupported,Type Google Drive non supporté pour ce flux: text/x-python
Mini projet Carte_CORRECTION.py,unsupported,Type Google Drive non supporté pour ce flux: text/x-python
TP3_recursivite_correction-ex1.py,unsupported,Type Google Drive non supporté pour ce flux: text/x-python
TP3_recursivite_correction-ex2-3-4-5-6.py,unsupported,Type Google Drive non supporté pour ce flux: text/x-python
lambda_calcul (1).py,unsupported,Type Google Drive non supporté pour ce flux: text/x-python
lambda_calcul.py,unsupported,Type Google Drive non supporté pour ce flux: text/x-python
6_exo6.py,unsupported,Type Google Drive non supporté pour ce flux: text/x-python
3_exo3.py,unsupported,Type Google Drive non supporté pour ce flux: text/x-python
4_exo4.py,unsupported,Type Google Drive non supporté pour ce flux: text/x-python
5_exo5.py,unsupported,Type Google Drive non supporté pour ce flux: text/x-python
1_exo1.py,unsupported,Type Google Drive non supporté pour ce flux: text/x-python
2_exo2.py,unsupported,Type Google Drive non supporté pour ce flux: text/x-python
2_File.mp4,unsupported,Type Google Drive non supporté pour ce flux: video/mp4
1_Pile.mp4,unsupported,Type Google Drive non supporté pour ce flux: video/mp4
3_ProgrammationObjetPythonSavoirPlus.ipynb,unsupported,Type Google Drive non supporté pour ce flux: application/octet-stream
4_PilesFiles.ipynb,unsupported,Type Google Drive non supporté pour ce flux: application/octet-stream
1_classe_Maillon_et_fonct_init.py,unsupported,Type Google Drive non supporté pour ce flux: text/x-python
3_ListesChainees.ipynb,unsupported,Type Google Drive non supporté pour ce flux: application/octet-stream
2_ajout_fonction_longueur.py,unsupported,Type Google Drive non supporté pour ce flux: text/x-python
6_ListesChainees.ipynb,unsupported,Type Google Drive non supporté pour ce flux: application/octet-stream
7_PilesFiles.ipynb,unsupported,Type Google Drive non supporté pour ce flux: application/octet-stream
6_ListesChainees-checkpoint.ipynb,unsupported,Type Google Drive non supporté pour ce flux: application/octet-stream
3_ProgrammationObjetPythonSavoirPlus-checkpoint.ipynb,unsupported,Type Google Drive non supporté pour ce flux: application/octet-stream
5_Arbres.ipynb,unsupported,Type Google Drive non supporté pour ce flux: application/octet-stream
6_Graphes.ipynb,unsupported,Type Google Drive non supporté pour ce flux: application/octet-stream
6_Graphes-checkpoint.ipynb,unsupported,Type Google Drive non supporté pour ce flux: application/octet-stream
Graphes-checkpoint.ipynb,unsupported,Type Google Drive non supporté pour ce flux: application/octet-stream
5_Arbres-checkpoint.ipynb,unsupported,Type Google Drive non supporté pour ce flux: application/octet-stream
1_TypesAbstraitsImplementationPython.ipynb,unsupported,Type Google Drive non supporté pour ce flux: application/octet-stream
2_ProgrammationObjetPython.ipynb,unsupported,Type Google Drive non supporté pour ce flux: application/octet-stream
9_ProgrammationFonctionnellePythonSavoirPlus.ipynb,unsupported,Type Google Drive non supporté pour ce flux: application/octet-stream
7_ProgrammationObjetPythonSavoirPlus.ipynb,unsupported,Type Google Drive non supporté pour ce flux: application/octet-stream
8_ProgrammationFonctionnellePython.ipynb,unsupported,Type Google Drive non supporté pour ce flux: application/octet-stream
requestdb.py,unsupported,Type Google Drive non supporté pour ce flux: text/x-python
Eval_BDD_Requetes_Pierre CAILLABET.ipynb,unsupported,Type Google Drive non supporté pour ce flux: application/octet-stream
test_requestdb_txt.py,unsupported,Type Google Drive non supporté pour ce flux: text/x-python
MCD_eval,error,EOF marker not found
films.db,unsupported,Type Google Drive non supporté pour ce flux: application/octet-stream
style.css,unsupported,Type Google Drive non supporté pour ce flux: text/css
requestdb.cpython-36.pyc,unsupported,Type Google Drive non supporté pour ce flux: application/x-python-code
Eval_requetes_sans 2.4-checkpoint.ipynb,unsupported,Type Google Drive non supporté pour ce flux: application/octet-stream
Eval_BDD_Requetes_Pierre CAILLABET-checkpoint.ipynb,unsupported,Type Google Drive non supporté pour ce flux: application/octet-stream
Exo2_Notebook_SQlite.ipynb,unsupported,Type Google Drive non supporté pour ce flux: application/octet-stream
exercices-requetes-sujet.ipynb,unsupported,Type Google Drive non supporté pour ce flux: application/octet-stream
requestdb.py,unsupported,Type Google Drive non supporté pour ce flux: text/x-python
test_requestdb_txt.py,unsupported,Type Google Drive non supporté pour ce flux: text/x-python
films.db,unsupported,Type Google Drive non supporté pour ce flux: application/octet-stream
style.css,unsupported,Type Google Drive non supporté pour ce flux: text/css
Exo2_Notebook_SQlite-checkpoint.ipynb,unsupported,Type Google Drive non supporté pour ce flux: application/octet-stream
Exo1_cas3,error,EOF marker not found
Exo1_cas1,error,EOF marker not found
Exo1_cas2,error,EOF marker not found
Chap.3 Structures de données linéaires de base.ipynb,unsupported,Type Google Drive non supporté pour ce flux: application/octet-stream
Chap.1 Structures de donnees abstraites.ipynb,unsupported,Type Google Drive non supporté pour ce flux: application/octet-stream
Chap.2 Les classes.ipynb,unsupported,Type Google Drive non supporté pour ce flux: application/octet-stream
Plat.py,unsupported,Type Google Drive non supporté pour ce flux: text/x-python
exercice4 CompteBancaire.py,unsupported,Type Google Drive non supporté pour ce flux: text/x-python
Evaluation 1-NSI Tle GRP2.zip,unsupported,Type Google Drive non supporté pour ce flux: application/zip
exercice4 CompteBancaire correction.py,unsupported,Type Google Drive non supporté pour ce flux: text/x-python
ex1_eval_interface.py,unsupported,Type Google Drive non supporté pour ce flux: text/x-python
TP-eval-Von-Koch.py,unsupported,Type Google Drive non supporté pour ce flux: text/x-python
Exercices-1-2.py,unsupported,Type Google Drive non supporté pour ce flux: text/x-python
Exercice-9.py,unsupported,Type Google Drive non supporté pour ce flux: text/x-python
Exercice-6.py,unsupported,Type Google Drive non supporté pour ce flux: text/x-python
Exercices-3-4-5.py,unsupported,Type Google Drive non supporté pour ce flux: text/x-python
Exercice-8.py,unsupported,Type Google Drive non supporté pour ce flux: text/x-python
Exercice-7.py,unsupported,Type Google Drive non supporté pour ce flux: text/x-python
3_Exo2_Point.py,unsupported,Type Google Drive non supporté pour ce flux: text/x-python
2_Exo1_Domino.py,unsupported,Type Google Drive non supporté pour ce flux: text/x-python
3_Exo2_Point_corrige.py,unsupported,Type Google Drive non supporté pour ce flux: text/x-python
TP_routage_corrige.fls,unsupported,Type Google Drive non supporté pour ce flux: application/x-zip
TP_evaluation_routage_correction.fls,unsupported,Type Google Drive non supporté pour ce flux: application/x-zip
TP_evaluation_routage.fls,unsupported,Type Google Drive non supporté pour ce flux: application/x-zip
SJF.ggb,unsupported,Type Google Drive non supporté pour ce flux: application/x-zip
exercice4_ord_rr.ggb,unsupported,Type Google Drive non supporté pour ce flux: application/x-zip
exercice5_ord_fifo.ggb,unsupported,Type Google Drive non supporté pour ce flux: application/x-zip
exercice1_ord_fifo.ggb,unsupported,Type Google Drive non supporté pour ce flux: application/x-zip
exercice3_ord_rr.ggb,unsupported,Type Google Drive non supporté pour ce flux: application/x-zip
exercice2_ord_sjf.ggb,unsupported,Type Google Drive non supporté pour ce flux: application/x-zip
exercice4_ord_rr_vPierre.ggb,unsupported,Type Google Drive non supporté pour ce flux: application/x-zip
exercice4_ord_rr_vPierre(1).ggb,unsupported,Type Google Drive non supporté pour ce flux: application/x-zip
exercice5_ord_sjf.ggb,unsupported,Type Google Drive non supporté pour ce flux: application/x-zip
Round_Robin_csv_graphe.py,unsupported,Type Google Drive non supporté pour ce flux: text/x-python
Round_Robin.py,unsupported,Type Google Drive non supporté pour ce flux: text/x-python
test_csv.py,unsupported,Type Google Drive non supporté pour ce flux: text/x-python
Round_Robin_moyennes.py,unsupported,Type Google Drive non supporté pour ce flux: text/x-python
Round_Robin_csv.py,unsupported,Type Google Drive non supporté pour ce flux: text/x-python
TP_routage_corrige.fls,unsupported,Type Google Drive non supporté pour ce flux: application/x-zip
table de routage_houpeau_corrige.fls,unsupported,Type Google Drive non supporté pour ce flux: application/x-zip
style.css,unsupported,Type Google Drive non supporté pour ce flux: text/css
script.js,unsupported,Type Google Drive non supporté pour ce flux: text/javascript
diplome.png,unsupported,Type Google Drive non supporté pour ce flux: image/png
mercier.jpeg,unsupported,Type Google Drive non supporté pour ce flux: image/jpeg
theo6.png,unsupported,Type Google Drive non supporté pour ce flux: image/png
theo10.png,unsupported,Type Google Drive non supporté pour ce flux: image/png
theo9.png,unsupported,Type Google Drive non supporté pour ce flux: image/png
theo8.png,unsupported,Type Google Drive non supporté pour ce flux: image/png
theo7.png,unsupported,Type Google Drive non supporté pour ce flux: image/png
theo5.png,unsupported,Type Google Drive non supporté pour ce flux: image/png
theo4.png,unsupported,Type Google Drive non supporté pour ce flux: image/png
theo3.png,unsupported,Type Google Drive non supporté pour ce flux: image/png
theo2.png,unsupported,Type Google Drive non supporté pour ce flux: image/png
theo1.png,unsupported,Type Google Drive non supporté pour ce flux: image/png
10theoremes_mercie.png,unsupported,Type Google Drive non supporté pour ce flux: image/png
03 TP.zip,unsupported,Type Google Drive non supporté pour ce flux: application/zip
04 ExercicesJS-Corrections.zip,unsupported,Type Google Drive non supporté pour ce flux: application/zip
03 ExercicesJS-Ressources.zip,unsupported,Type Google Drive non supporté pour ce flux: application/zip
repartition_2022.PNG,unsupported,Type Google Drive non supporté pour ce flux: image/png
BB flashback pro 4.zip,unsupported,Type Google Drive non supporté pour ce flux: application/zip
projet_biblio.log,unsupported,Type Google Drive non supporté pour ce flux: application/vnd.google-apps.document
projet_biblio.tex,unsupported,Type Google Drive non supporté pour ce flux: text/x-tex
projet_biblio.synctex.gz,unsupported,Type Google Drive non supporté pour ce flux: application/gzip
projet_biblio.out,unsupported,Type Google Drive non supporté pour ce flux: application/octet-stream
projet_biblio.aux,unsupported,Type Google Drive non supporté pour ce flux: application/octet-stream
projet_biblio.py,unsupported,Type Google Drive non supporté pour ce flux: text/x-python
bibliotheque.json,unsupported,Type Google Drive non supporté pour ce flux: application/json
Exercices_par_niveau.py,unsupported,Type Google Drive non supporté pour ce flux: text/x-python
exercice4 CompteBancaire correction.py,unsupported,Type Google Drive non supporté pour ce flux: text/x-python
Plat.py,unsupported,Type Google Drive non supporté pour ce flux: text/x-python
exercice4 CompteBancaire.py,unsupported,Type Google Drive non supporté pour ce flux: text/x-python
3_Exo2_Point.py,unsupported,Type Google Drive non supporté pour ce flux: text/x-python
2_Exo1_Domino.py,unsupported,Type Google Drive non supporté pour ce flux: text/x-python
3_Exo2_Point_corrige.py,unsupported,Type Google Drive non supporté pour ce flux: text/x-python
ex1_eval_interface.py,unsupported,Type Google Drive non supporté pour ce flux: text/x-python
Date_eleve.py,unsupported,Type Google Drive non supporté pour ce flux: text/x-python
Robot_CORRECTION.py,unsupported,Type Google Drive non supporté pour ce flux: text/x-python
Robot_eleve.py,unsupported,Type Google Drive non supporté pour ce flux: text/x-python
Date_CORRECTION.py,unsupported,Type Google Drive non supporté pour ce flux: text/x-python
Robot.py,unsupported,Type Google Drive non supporté pour ce flux: text/x-python
Date.py,unsupported,Type Google Drive non supporté pour ce flux: text/x-python
File_liste_chainee.py,unsupported,Type Google Drive non supporté pour ce flux: text/x-python
Act_9_Aziz.py,unsupported,Type Google Drive non supporté pour ce flux: text/x-python
Listes_chainees.py,unsupported,Type Google Drive non supporté pour ce flux: text/x-python
Act9_Utilisation_de_Pile_et_File.py,unsupported,Type Google Drive non supporté pour ce flux: text/x-python
Pile_tete_queue.py,unsupported,Type Google Drive non supporté pour ce flux: text/x-python
Act4_CORRECTION.py,unsupported,Type Google Drive non supporté pour ce flux: text/x-python
Act4.py,unsupported,Type Google Drive non supporté pour ce flux: text/x-python
2_Class_Liste.py,unsupported,Type Google Drive non supporté pour ce flux: text/x-python
4_Class_File.py,unsupported,Type Google Drive non supporté pour ce flux: text/x-python
3_Class_Pile.py,unsupported,Type Google Drive non supporté pour ce flux: text/x-python
0_Cours.py,unsupported,Type Google Drive non supporté pour ce flux: text/x-python
1_Class_Voiture.py,unsupported,Type Google Drive non supporté pour ce flux: text/x-python
Class_Liste_MyriamB.py,unsupported,Type Google Drive non supporté pour ce flux: text/x-python
Class_Liste_MehdiA.py,unsupported,Type Google Drive non supporté pour ce flux: text/x-python
2_Fichier_Liste chainee_CORRECTION.py,unsupported,Type Google Drive non supporté pour ce flux: text/x-python
1_Fichier_Liste chainee_Eleve.py,unsupported,Type Google Drive non supporté pour ce flux: text/x-python
Test.py,unsupported,Type Google Drive non supporté pour ce flux: text/x-python
Exercices_par_niveau.py,unsupported,Type Google Drive non supporté pour ce flux: text/x-python
exercice4 CompteBancaire correction.py,unsupported,Type Google Drive non supporté pour ce flux: text/x-python
Plat.py,unsupported,Type Google Drive non supporté pour ce flux: text/x-python
exercice4 CompteBancaire.py,unsupported,Type Google Drive non supporté pour ce flux: text/x-python
3_Exo2_Point.py,unsupported,Type Google Drive non supporté pour ce flux: text/x-python
2_Exo1_Domino.py,unsupported,Type Google Drive non supporté pour ce flux: text/x-python
3_Exo2_Point_corrige.py,unsupported,Type Google Drive non supporté pour ce flux: text/x-python
ex1_eval_interface.py,unsupported,Type Google Drive non supporté pour ce flux: text/x-python
Date_eleve.py,unsupported,Type Google Drive non supporté pour ce flux: text/x-python
Robot_CORRECTION.py,unsupported,Type Google Drive non supporté pour ce flux: text/x-python
Robot_eleve.py,unsupported,Type Google Drive non supporté pour ce flux: text/x-python
Date_CORRECTION.py,unsupported,Type Google Drive non supporté pour ce flux: text/x-python
Robot.py,unsupported,Type Google Drive non supporté pour ce flux: text/x-python
Date.py,unsupported,Type Google Drive non supporté pour ce flux: text/x-python
File_liste_chainee.py,unsupported,Type Google Drive non supporté pour ce flux: text/x-python
Act_9_Aziz.py,unsupported,Type Google Drive non supporté pour ce flux: text/x-python
Listes_chainees.py,unsupported,Type Google Drive non supporté pour ce flux: text/x-python
Act9_Utilisation_de_Pile_et_File.py,unsupported,Type Google Drive non supporté pour ce flux: text/x-python
Pile_tete_queue.py,unsupported,Type Google Drive non supporté pour ce flux: text/x-python
Act4_CORRECTION.py,unsupported,Type Google Drive non supporté pour ce flux: text/x-python
Act4.py,unsupported,Type Google Drive non supporté pour ce flux: text/x-python
2_Fichier_Liste chainee_CORRECTION.py,unsupported,Type Google Drive non supporté pour ce flux: text/x-python
1_Fichier_Liste chainee_Eleve.py,unsupported,Type Google Drive non supporté pour ce flux: text/x-python
Test.py,unsupported,Type Google Drive non supporté pour ce flux: text/x-python
2_Class_Liste.py,unsupported,Type Google Drive non supporté pour ce flux: text/x-python
4_Class_File.py,unsupported,Type Google Drive non supporté pour ce flux: text/x-python
3_Class_Pile.py,unsupported,Type Google Drive non supporté pour ce flux: text/x-python
0_Cours.py,unsupported,Type Google Drive non supporté pour ce flux: text/x-python
1_Class_Voiture.py,unsupported,Type Google Drive non supporté pour ce flux: text/x-python
Class_Liste_MyriamB.py,unsupported,Type Google Drive non supporté pour ce flux: text/x-python
Class_Liste_MehdiA.py,unsupported,Type Google Drive non supporté pour ce flux: text/x-python
exercice4 CompteBancaire correction.py,unsupported,Type Google Drive non supporté pour ce flux: text/x-python
Plat.py,unsupported,Type Google Drive non supporté pour ce flux: text/x-python
exercice4 CompteBancaire.py,unsupported,Type Google Drive non supporté pour ce flux: text/x-python
3_Exo2_Point.py,unsupported,Type Google Drive non supporté pour ce flux: text/x-python
2_Exo1_Domino.py,unsupported,Type Google Drive non supporté pour ce flux: text/x-python
3_Exo2_Point_corrige.py,unsupported,Type Google Drive non supporté pour ce flux: text/x-python
ex1_eval_interface.py,unsupported,Type Google Drive non supporté pour ce flux: text/x-python
Date_eleve.py,unsupported,Type Google Drive non supporté pour ce flux: text/x-python
Robot_CORRECTION.py,unsupported,Type Google Drive non supporté pour ce flux: text/x-python
Robot_eleve.py,unsupported,Type Google Drive non supporté pour ce flux: text/x-python
Date_CORRECTION.py,unsupported,Type Google Drive non supporté pour ce flux: text/x-python
Robot.py,unsupported,Type Google Drive non supporté pour ce flux: text/x-python
Date.py,unsupported,Type Google Drive non supporté pour ce flux: text/x-python
File_liste_chainee.py,unsupported,Type Google Drive non supporté pour ce flux: text/x-python
Act_9_Aziz.py,unsupported,Type Google Drive non supporté pour ce flux: text/x-python
Listes_chainees.py,unsupported,Type Google Drive non supporté pour ce flux: text/x-python
Act9_Utilisation_de_Pile_et_File.py,unsupported,Type Google Drive non supporté pour ce flux: text/x-python
Pile_tete_queue.py,unsupported,Type Google Drive non supporté pour ce flux: text/x-python
Act4_CORRECTION.py,unsupported,Type Google Drive non supporté pour ce flux: text/x-python
Act4.py,unsupported,Type Google Drive non supporté pour ce flux: text/x-python
2_Class_Liste.py,unsupported,Type Google Drive non supporté pour ce flux: text/x-python
4_Class_File.py,unsupported,Type Google Drive non supporté pour ce flux: text/x-python
3_Class_Pile.py,unsupported,Type Google Drive non supporté pour ce flux: text/x-python
0_Cours.py,unsupported,Type Google Drive non supporté pour ce flux: text/x-python
1_Class_Voiture.py,unsupported,Type Google Drive non supporté pour ce flux: text/x-python
Class_Liste_MyriamB.py,unsupported,Type Google Drive non supporté pour ce flux: text/x-python
Class_Liste_MehdiA.py,unsupported,Type Google Drive non supporté pour ce flux: text/x-python
2_Fichier_Liste chainee_CORRECTION.py,unsupported,Type Google Drive non supporté pour ce flux: text/x-python
1_Fichier_Liste chainee_Eleve.py,unsupported,Type Google Drive non supporté pour ce flux: text/x-python
Test.py,unsupported,Type Google Drive non supporté pour ce flux: text/x-python
exercice4 CompteBancaire correction.py,unsupported,Type Google Drive non supporté pour ce flux: text/x-python
Plat.py,unsupported,Type Google Drive non supporté pour ce flux: text/x-python
exercice4 CompteBancaire.py,unsupported,Type Google Drive non supporté pour ce flux: text/x-python
3_Exo2_Point.py,unsupported,Type Google Drive non supporté pour ce flux: text/x-python
2_Exo1_Domino.py,unsupported,Type Google Drive non supporté pour ce flux: text/x-python
3_Exo2_Point_corrige.py,unsupported,Type Google Drive non supporté pour ce flux: text/x-python
ex1_eval_interface.py,unsupported,Type Google Drive non supporté pour ce flux: text/x-python
inverser_pile.py,unsupported,Type Google Drive non supporté pour ce flux: text/x-python
Pile_tete_queue.py,unsupported,Type Google Drive non supporté pour ce flux: text/x-python
File_liste_chainee.py,unsupported,Type Google Drive non supporté pour ce flux: text/x-python
Listes_chainees.py,unsupported,Type Google Drive non supporté pour ce flux: text/x-python
Exercices_par_niveau.py,unsupported,Type Google Drive non supporté pour ce flux: text/x-python
Propritaires.mcd,error,EOF marker not found
Propritaires_mld.mcd,error,EOF marker not found
Propritaires_geo.json,unsupported,Type Google Drive non supporté pour ce flux: application/json
Propritaires_url.url,error,EOF marker not found
Propritaires.zip,unsupported,Type Google Drive non supporté pour ce flux: application/zip
Propritaires.svg,unsupported,Type Google Drive non supporté pour ce flux: image/svg+xml
Vente_Voitures_ddl.sql,unsupported,Type Google Drive non supporté pour ce flux: text/x-sql
Vente_Voitures.svg,unsupported,Type Google Drive non supporté pour ce flux: image/svg+xml
Vente_Voitures_v2.zip,unsupported,Type Google Drive non supporté pour ce flux: application/zip
Vente_Voitures.mcd,error,EOF marker not found
Vente_Voitures_geo.json,unsupported,Type Google Drive non supporté pour ce flux: application/json
Vente_Voitures_mld.mcd,error,EOF marker not found
Vente_Voitures.svg,unsupported,Type Google Drive non supporté pour ce flux: image/svg+xml
Vente_Voitures_geo.json,unsupported,Type Google Drive non supporté pour ce flux: application/json
Vente_Voitures.mcd,error,EOF marker not found
Vente_Voitures_v1.zip,unsupported,Type Google Drive non supporté pour ce flux: application/zip
Vols_avions_mld.mcd,error,EOF marker not found
Vols_avions_url.url,error,EOF marker not found
Vols_avions.svg,unsupported,Type Google Drive non supporté pour ce flux: image/svg+xml
Vols_avions.mcd,error,EOF marker not found
Vols_avions.zip,unsupported,Type Google Drive non supporté pour ce flux: application/zip
Vols_avions_geo.json,unsupported,Type Google Drive non supporté pour ce flux: application/json
Stages_entreprise_url.url,error,EOF marker not found
Stages_entreprise_mld.mcd,error,EOF marker not found
Stages_entreprise_geo.json,unsupported,Type Google Drive non supporté pour ce flux: application/json
Stages_entreprise.zip,unsupported,Type Google Drive non supporté pour ce flux: application/zip
Stages_entreprise.svg,unsupported,Type Google Drive non supporté pour ce flux: image/svg+xml
Stages_entreprise.mcd,error,EOF marker not found
II_qstn1_v2.py,unsupported,Type Google Drive non supporté pour ce flux: text/x-python
I_qstn1.py,unsupported,Type Google Drive non supporté pour ce flux: text/x-python
I_qstn2.py,unsupported,Type Google Drive non supporté pour ce flux: text/x-python
III_qstn3.py,unsupported,Type Google Drive non supporté pour ce flux: text/x-python
III_qstn2.py,unsupported,Type Google Drive non supporté pour ce flux: text/x-python
III_qstn1.py,unsupported,Type Google Drive non supporté pour ce flux: text/x-python
II_qstn4.py,unsupported,Type Google Drive non supporté pour ce flux: text/x-python
II_qstn3.py,unsupported,Type Google Drive non supporté pour ce flux: text/x-python
II_qstn2.py,unsupported,Type Google Drive non supporté pour ce flux: text/x-python
II_qstn1.py,unsupported,Type Google Drive non supporté pour ce flux: text/x-python
Pbl2_partD_v2.py,unsupported,Type Google Drive non supporté pour ce flux: text/x-python
Pbl2_partD.py,unsupported,Type Google Drive non supporté pour ce flux: text/x-python
Pbl2_partC.py,unsupported,Type Google Drive non supporté pour ce flux: text/x-python
Pbl1_partD.py,unsupported,Type Google Drive non supporté pour ce flux: text/x-python
Pbl1_partC.py,unsupported,Type Google Drive non supporté pour ce flux: text/x-python
Pbl1_partB_vPlus.py,unsupported,Type Google Drive non supporté pour ce flux: text/x-python
Pbl1_partA.py,unsupported,Type Google Drive non supporté pour ce flux: text/x-python
III_qstn3_v2.py,unsupported,Type Google Drive non supporté pour ce flux: text/x-python
III_qstn2.py,unsupported,Type Google Drive non supporté pour ce flux: text/x-python
II_qstn3_bis.py,unsupported,Type Google Drive non supporté pour ce flux: text/x-python
II_qstn3.py,unsupported,Type Google Drive non supporté pour ce flux: text/x-python
I_qstn1_bis.py,unsupported,Type Google Drive non supporté pour ce flux: text/x-python
VI_qstn3.py,unsupported,Type Google Drive non supporté pour ce flux: text/x-python
VI_qstn2.py,unsupported,Type Google Drive non supporté pour ce flux: text/x-python
V_qstn2.py,unsupported,Type Google Drive non supporté pour ce flux: text/x-python
VI_qstn1.py,unsupported,Type Google Drive non supporté pour ce flux: text/x-python
V_qstn1.py,unsupported,Type Google Drive non supporté pour ce flux: text/x-python
IV_qstn4.py,unsupported,Type Google Drive non supporté pour ce flux: text/x-python
IV_qstn3.py,unsupported,Type Google Drive non supporté pour ce flux: text/x-python
IV_qstn2.py,unsupported,Type Google Drive non supporté pour ce flux: text/x-python
IV_qstn1.py,unsupported,Type Google Drive non supporté pour ce flux: text/x-python
III_qstn3.py,unsupported,Type Google Drive non supporté pour ce flux: text/x-python
III_qstn1.py,unsupported,Type Google Drive non supporté pour ce flux: text/x-python
II_qstn2.py,unsupported,Type Google Drive non supporté pour ce flux: text/x-python
II_qstn1.py,unsupported,Type Google Drive non supporté pour ce flux: text/x-python
I_qstn6.py,unsupported,Type Google Drive non supporté pour ce flux: text/x-python
I_qstn5.py,unsupported,Type Google Drive non supporté pour ce flux: text/x-python
I_qstn4.py,unsupported,Type Google Drive non supporté pour ce flux: text/x-python
I_qstn3.py,unsupported,Type Google Drive non supporté pour ce flux: text/x-python
I_qstn2.py,unsupported,Type Google Drive non supporté pour ce flux: text/x-python
I_qstn1.py,unsupported,Type Google Drive non supporté pour ce flux: text/x-python
I_qstn1.py,unsupported,Type Google Drive non supporté pour ce flux: text/x-python
II_qstn2.py,unsupported,Type Google Drive non supporté pour ce flux: text/x-python
II_qstn1.py,unsupported,Type Google Drive non supporté pour ce flux: text/x-python
I_qstn3.py,unsupported,Type Google Drive non supporté pour ce flux: text/x-python
I_qstn2.py,unsupported,Type Google Drive non supporté pour ce flux: text/x-python
Exo_29-09-2025.py,unsupported,Type Google Drive non supporté pour ce flux: text/x-python
Ex9.py,unsupported,Type Google Drive non supporté pour ce flux: text/x-python
Ex6.py,unsupported,Type Google Drive non supporté pour ce flux: text/x-python
Ex8.py,unsupported,Type Google Drive non supporté pour ce flux: text/x-python
Ex7.py,unsupported,Type Google Drive non supporté pour ce flux: text/x-python
Ex5.py,unsupported,Type Google Drive non supporté pour ce flux: text/x-python
Ex4.py,unsupported,Type Google Drive non supporté pour ce flux: text/x-python
Ex3.py,unsupported,Type Google Drive non supporté pour ce flux: text/x-python
Ex2.py,unsupported,Type Google Drive non supporté pour ce flux: text/x-python
Ex1.py,unsupported,Type Google Drive non supporté pour ce flux: text/x-python
III_qstn3_v2.py,unsupported,Type Google Drive non supporté pour ce flux: text/x-python
III_qstn2_v2.py,unsupported,Type Google Drive non supporté pour ce flux: text/x-python
III_qstn1_v2.py,unsupported,Type Google Drive non supporté pour ce flux: text/x-python
II_qstn2_v2.py,unsupported,Type Google Drive non supporté pour ce flux: text/x-python
II_qstn1_v2.py,unsupported,Type Google Drive non supporté pour ce flux: text/x-python
I_qstn2.py,unsupported,Type Google Drive non supporté pour ce flux: text/x-python
II_qstn1.py,unsupported,Type Google Drive non supporté pour ce flux: text/x-python
II_qstn2.py,unsupported,Type Google Drive non supporté pour ce flux: text/x-python
III_qstn3.py,unsupported,Type Google Drive non supporté pour ce flux: text/x-python
III_qstn2.py,unsupported,Type Google Drive non supporté pour ce flux: text/x-python
III_qstn1.py,unsupported,Type Google Drive non supporté pour ce flux: text/x-python
I_qstn3.py,unsupported,Type Google Drive non supporté pour ce flux: text/x-python
I_qstn1.py,unsupported,Type Google Drive non supporté pour ce flux: text/x-python
QCM_Synthèse_v2.py,unsupported,Type Google Drive non supporté pour ce flux: text/x-python
QCM_Synthèse_v1.py,unsupported,Type Google Drive non supporté pour ce flux: text/x-python
Évaluation_1_Grp2_CORRECTION.py,unsupported,Type Google Drive non supporté pour ce flux: text/x-python
Évaluation_1_v2_CORRECTION.py,unsupported,Type Google Drive non supporté pour ce flux: text/x-python
Évaluation_1_Grp2_Exo4.py,unsupported,Type Google Drive non supporté pour ce flux: text/x-python
Évaluation_1_Grp2_Exo3.py,unsupported,Type Google Drive non supporté pour ce flux: text/x-python
Évaluation_1_Grp2_Exo2.py,unsupported,Type Google Drive non supporté pour ce flux: text/x-python
Évaluation_1_v1_CORRECTION.py,unsupported,Type Google Drive non supporté pour ce flux: text/x-python
.~lock.QCM_1.odt#,error,EOF marker not found
Pense bête_Bilan rentrée.jpg,unsupported,Type Google Drive non supporté pour ce flux: image/jpeg
Méthodologie1.mp4,unsupported,Type Google Drive non supporté pour ce flux: video/mp4
traitement_image.py,unsupported,Type Google Drive non supporté pour ce flux: text/x-python
Mona_Lisa-1.png,unsupported,Type Google Drive non supporté pour ce flux: image/png
Mona_Lisa.jpg,unsupported,Type Google Drive non supporté pour ce flux: image/jpeg
Exo3-2.py,unsupported,Type Google Drive non supporté pour ce flux: text/x-python
Exo5-2_vfinale2.py,unsupported,Type Google Drive non supporté pour ce flux: text/x-python
Exo5-2_test.py,unsupported,Type Google Drive non supporté pour ce flux: text/x-python
Exo5-2_vfinale.py,unsupported,Type Google Drive non supporté pour ce flux: text/x-python
Exo4-3.py,unsupported,Type Google Drive non supporté pour ce flux: text/x-python
Exo4-2.py,unsupported,Type Google Drive non supporté pour ce flux: text/x-python
Exo5-1.py,unsupported,Type Google Drive non supporté pour ce flux: text/x-python
Exo4-1.py,unsupported,Type Google Drive non supporté pour ce flux: text/x-python
Exo3-1.py,unsupported,Type Google Drive non supporté pour ce flux: text/x-python
Exo2.py,unsupported,Type Google Drive non supporté pour ce flux: text/x-python
Hulk.jpg,unsupported,Type Google Drive non supporté pour ce flux: image/jpeg
L_accord_bleu_KLEIN.jpg,unsupported,Type Google Drive non supporté pour ce flux: image/jpeg
pomme.jpg,unsupported,Type Google Drive non supporté pour ce flux: image/jpeg
TP_turtle_plus_loin.py,unsupported,Type Google Drive non supporté pour ce flux: text/x-python
turtle_TP.py,unsupported,Type Google Drive non supporté pour ce flux: text/x-python
TP8_exo6.py,unsupported,Type Google Drive non supporté pour ce flux: text/x-python
TP8_exo5_v2.py,unsupported,Type Google Drive non supporté pour ce flux: text/x-python
TP8_exo5.py,unsupported,Type Google Drive non supporté pour ce flux: text/x-python
TP8_exo4.py,unsupported,Type Google Drive non supporté pour ce flux: text/x-python
TP7_exo1.py,unsupported,Type Google Drive non supporté pour ce flux: text/x-python
Exo3b.py,unsupported,Type Google Drive non supporté pour ce flux: text/x-python
Exo3a.py,unsupported,Type Google Drive non supporté pour ce flux: text/x-python
Exo2.py,unsupported,Type Google Drive non supporté pour ce flux: text/x-python
Exo1_algo5.py,unsupported,Type Google Drive non supporté pour ce flux: text/x-python
Exo1_algo4.py,unsupported,Type Google Drive non supporté pour ce flux: text/x-python
Exo1_algo3.py,unsupported,Type Google Drive non supporté pour ce flux: text/x-python
Exo1_algo2.py,unsupported,Type Google Drive non supporté pour ce flux: text/x-python
Exo1_algo1.py,unsupported,Type Google Drive non supporté pour ce flux: text/x-python
TP7_exo2.py,unsupported,Type Google Drive non supporté pour ce flux: text/x-python
TP8_exo5_v3.py,unsupported,Type Google Drive non supporté pour ce flux: text/x-python
TP8_exo3.py,unsupported,Type Google Drive non supporté pour ce flux: text/x-python
TP8_exo2.py,unsupported,Type Google Drive non supporté pour ce flux: text/x-python
TP8_exo1.py,unsupported,Type Google Drive non supporté pour ce flux: text/x-python
TP7_exo3_v2.py,unsupported,Type Google Drive non supporté pour ce flux: text/x-python
TP7_exo3.py,unsupported,Type Google Drive non supporté pour ce flux: text/x-python
TP6_exo3.py,unsupported,Type Google Drive non supporté pour ce flux: text/x-python
nsi_Zeineb_Neira.zip,unsupported,Type Google Drive non supporté pour ce flux: application/zip
Site_Web_Malek_Ismael.zip,unsupported,Type Google Drive non supporté pour ce flux: application/zip
Site_Web_Hedi_Youssef.zip,unsupported,Type Google Drive non supporté pour ce flux: application/zip
Site_Web_Skander_Yassine.rar,unsupported,Type Google Drive non supporté pour ce flux: application/x-rar
4_Fichier_Eval_CORRECTION.py,unsupported,Type Google Drive non supporté pour ce flux: text/x-python
3_Fichier_Eval.py,unsupported,Type Google Drive non supporté pour ce flux: text/x-python
